scope,competitor,source_type,signal_type,theme,summary,user_impact,source_url
stage-3-thin-signal,webpeel,official_site,positioning,"agent-first extraction breadth","[Verified] WebPeel presents itself as a web extraction API for AI agents with fetch, search, crawl, structured JSON, screenshots, browser actions, monitoring, and Firecrawl-compatible endpoints.","[Inference] Users evaluating Clearpage will see WebPeel as a broad low-cost alternative even before community proof exists.",https://webpeel.dev/
stage-3-thin-signal,webpeel,official_site,pricing,"low-friction entry pricing","[Verified] The official site shows Free at 500 fetches per week, Pro at $9 per month, and Max at $29 per month with no credit card required for free usage.","[Inference] This makes WebPeel a pricing and packaging threat for lightweight agent workflows.",https://webpeel.dev/
stage-3-thin-signal,webpeel,github_repo,surface_thinness,"public backlog gap","[Verified] The public GitHub repo showed 8 stars, 0 public issues, and 14 pull requests during this pass.","[Inference] Thin public issue volume makes reliability and support depth hard to judge from outside.",https://github.com/webpeel/webpeel
stage-3-thin-signal,webpeel,official_blog,comparison_surface,"self-authored benchmarking","[Verified] The official blog is active and centers comparisons, benchmarks, and practical guides rather than visible third-party reviews.","[Inference] Prospects get a polished narrative, but Clearpage should discount it as mostly vendor-authored proof.",https://webpeel.dev/blog
stage-3-thin-signal,webpeel,official_package,comparison_surface,"package-level positioning","[Verified] The PyPI package description explicitly frames WebPeel as a Firecrawl alternative and repeats product comparisons inside the official package page.","[Inference] Even package metadata is being used as a conversion surface, which signals deliberate positioning but not broad external validation.",https://pypi.org/project/webpeel/
stage-3-thin-signal,webpeel,official_changelog,product_reality,"shipping velocity without community depth","[Verified] The changelog shows frequent March 2026 releases, extractor additions, MCP consolidation, and pricing accuracy fixes.","[Inference] The product is actively shipped, but active shipping does not by itself prove broad user adoption.",https://webpeel.dev/changelog
stage-3-thin-signal,crw,official_site,positioning,"ops-simple Firecrawl alternative","[Verified] CRW is positioned as a Rust-based Firecrawl-compatible scraper with scrape, search, browse, crawl, and map for AI agents.","[Inference] This makes CRW relevant to Clearpage as a simpler infrastructure and compatibility alternative.",https://fastcrw.com/
stage-3-thin-signal,crw,official_pricing,pricing,"real commercial surface","[Verified] The pricing page shows Free at 500 credits, Hobby at $19 per month monthly or $13 per month yearly launch price, then Standard, Growth, and Scale tiers.","[Inference] Users can treat CRW as a real buy decision, not just an OSS experiment.",https://fastcrw.com/pricing
stage-3-thin-signal,crw,official_docs,onboarding,"self-host plus cloud onboarding","[Verified] The installation docs offer immediate cloud use plus one-line install, crates.io packages, source builds, Docker, and MCP binaries.","[Inference] CRW reduces onboarding friction for technical teams that want cloud first or self-hosted later.",https://docs.fastcrw.com/installation/
stage-3-thin-signal,crw,github_repo,surface_thinness,"quiet public backlog","[Verified] The public GitHub repo showed 88 stars, 0 public issues, and 0 public pull requests during this pass.","[Inference] The product may be early or privately supported, but the visible public demand surface is thin.",https://github.com/us/crw
stage-3-thin-signal,crw,official_blog,comparison_surface,"vendor-authored benchmarks","[Verified] The official blog publishes benchmark and alternative posts that compare CRW directly against Firecrawl, Tavily, Exa, and Crawl4AI.","[Inference] Clearpage can mine messaging ideas here, but not treat the comparisons as independent validation.",https://fastcrw.com/blog/firecrawl-vs-crawl4ai-vs-crw
stage-3-thin-signal,crw,public_gap,source_gap,"missing public discussion layer","[Verified] I did not find a clear Reddit, Hacker News, or Product Hunt discussion surface for CRW during this pass.","[Inference] Public adoption depth and failure patterns remain uncertain despite the polished official surface.",https://fastcrw.com/
stage-3-thin-signal,webclaw,official_site,positioning,"anti-bot and agent-native messaging","[Verified] webclaw positions itself as a Rust-based extraction engine for LLMs with Firecrawl compatibility, MCP tooling, and TLS-level anti-bot handling.","[Inference] This overlaps closely with Clearpage's adjacent user job around cleaner ingestion from hostile or dynamic sites.",https://webclaw.io/
stage-3-thin-signal,webclaw,official_pricing,pricing,"trial-led cloud plus OSS","[Verified] The pricing page advertises a 7-day Starter trial, yearly Starter at $15 per month, and an open-source self-hosted option under AGPL-3.0.","[Inference] webclaw competes on predictable packaging plus self-hosting appeal instead of enterprise-only sales motion.",https://webclaw.io/pricing
stage-3-thin-signal,webclaw,official_docs,onboarding,"fast self-hosted start","[Verified] The getting-started docs offer cargo install, source build, Docker, and MCP setup with a sub-minute first-page promise.","[Inference] This lowers friction for technical users who want to test locally before paying.",https://webclaw.io/docs/getting-started
stage-3-thin-signal,webclaw,github_repo,traction,"strongest repo traction in thin-signal set","[Verified] The public GitHub repo showed about 1.2k stars, 0 public issues, and 1 public pull request during this pass.","[Inference] Traction is meaningfully higher than WebPeel or CRW, but the near-empty public issue surface still limits confidence about support patterns.",https://github.com/0xMassi/webclaw
stage-3-thin-signal,webclaw,official_compare,comparison_surface,"detailed vendor comparisons","[Verified] webclaw publishes dedicated comparison pages and migration content that argue for simpler pricing and easier switching from incumbents.","[Inference] The product is actively selling against larger incumbents, which makes it strategically relevant even if third-party validation is still thin.",https://webclaw.io/compare/bright-data
stage-3-thin-signal,webclaw,reddit,community_signal,"founder-led launch traction","[Verified] Reddit launch and update posts repeatedly describe webclaw as a Rust web extraction tool for AI agents with anti-bot handling and local-first workflows.","[Inference] There is visible market curiosity, but much of the narrative is still carried by the founder rather than independent users.",https://www.reddit.com/r/WebScrapingInsider/comments/1s581dv/i_opensourced_a_web_scraper_in_rust_that_hit_120/
stage-3-thin-signal,webclaw,reddit,commercial_signal,"early monetization signal","[Verified] A later Reddit post claims webclaw reached 520 stars and 100 dollars MRR after one month, which is a stronger traction signal than I found for WebPeel or CRW.","[Inference] Even founder-reported revenue suggests webclaw is crossing from OSS attention into real paid usage.",https://www.reddit.com/r/SaaS/comments/1srra7s/after_one_month_520_stars_and_100_mrr_what_i/
stage-3-thin-signal,webclaw,public_gap,source_gap,"no obvious HN or Product Hunt layer","[Verified] I did not find a clear Hacker News or Product Hunt surface for webclaw during this pass, even though Reddit signals were present.","[Inference] The discussion surface is broader than WebPeel or CRW, but still narrow relative to the size of its claims.",https://webclaw.io/
